Species_Tissue;Time;Treatment;Value
Barley_Root;-11;C;0.0422
Barley_Root;-11;C;0.0479
Barley_Root;-11;C;0.0387
Barley_Root;-7;C;0.1027
Barley_Root;-7;C;0.0976
Barley_Root;-7;C;0.0890
Barley_Root;-7;C;0.0791
Barley_Root;-7;C;0.0698
Barley_Root;-7;C;0.0562
Barley_Root;-7;C;0.0387
Barley_Root;-3;C;0.1247
Barley_Root;-3;C;0.1813
Barley_Root;-3;C;0.2403
Barley_Root;-3;C;0.2152
Barley_Root;-3;C;0.2131
Barley_Root;-3;C;0.1528
Barley_Root;-3;C;0.1994
Barley_Root;0;C;0.2017
Barley_Root;0;C;0.2275
Barley_Root;0;C;0.2170
Barley_Root;0;C;0.1704
Barley_Root;0;C;0.1415
Barley_Root;0;C;0.1767
Barley_Root;0;C;0.2322
Barley_Root;0;P;0.1330
Barley_Root;0;P;0.1066
Barley_Root;0;P;0.1193
Barley_Root;0;P;0.2395
Barley_Root;0;P;0.1874
Barley_Root;0;P;0.1587
Barley_Root;0;P;0.1118
Barley_Root;0;Fe;0.1961
Barley_Root;0;Fe;0.2267
Barley_Root;0;Fe;0.2999
Barley_Root;0;Fe;0.1156
Barley_Root;0;Fe;0.1686
Barley_Root;0;Fe;0.1426
Barley_Root;0;Fe;0.1621
Barley_Root;0;P/Fe;0.1795
Barley_Root;0;P/Fe;0.1475
Barley_Root;0;P/Fe;0.1346
Barley_Root;0;P/Fe;0.1231
Barley_Root;0;P/Fe;0.1648
Barley_Root;0;P/Fe;0.1910
Barley_Root;0;P/Fe;0.2015
Barley_Root;2;C;0.2610
Barley_Root;2;C;0.1866
Barley_Root;2;C;0.1781
Barley_Root;2;C;0.2437
Barley_Root;2;C;0.1300
Barley_Root;2;C;0.1257
Barley_Root;2;C;0.1933
Barley_Root;2;P;0.2823
Barley_Root;2;P;0.1346
Barley_Root;2;P;0.1940
Barley_Root;2;P;0.2875
Barley_Root;2;P;0.2795
Barley_Root;2;P;0.2463
Barley_Root;2;P;0.2396
Barley_Root;2;Fe;0.2236
Barley_Root;2;Fe;0.1054
Barley_Root;2;Fe;0.2436
Barley_Root;2;Fe;0.2051
Barley_Root;2;Fe;0.2011
Barley_Root;2;Fe;0.2259
Barley_Root;2;Fe;0.1729
Barley_Root;2;P/Fe;0.2423
Barley_Root;2;P/Fe;0.2579
Barley_Root;2;P/Fe;0.2468
Barley_Root;2;P/Fe;0.2700
Barley_Root;2;P/Fe;0.2384
Barley_Root;2;P/Fe;0.2301
Barley_Root;2;P/Fe;0.1690
Barley_Root;4;C;0.3181
Barley_Root;4;C;0.2670
Barley_Root;4;C;0.2216
Barley_Root;4;C;0.2655
Barley_Root;4;C;0.2761
Barley_Root;4;C;0.1223
Barley_Root;4;C;0.2100
Barley_Root;4;P;0.3824
Barley_Root;4;P;0.3520
Barley_Root;4;P;0.2413
Barley_Root;4;P;0.2771
Barley_Root;4;P;0.3263
Barley_Root;4;P;0.2332
Barley_Root;4;P;0.2012
Barley_Root;4;Fe;0.3182
Barley_Root;4;Fe;0.2822
Barley_Root;4;Fe;0.1530
Barley_Root;4;Fe;0.2731
Barley_Root;4;Fe;0.2393
Barley_Root;4;Fe;0.1892
Barley_Root;4;Fe;0.2259
Barley_Root;4;P/Fe;0.2652
Barley_Root;4;P/Fe;0.1459
Barley_Root;4;P/Fe;0.4425
Barley_Root;4;P/Fe;0.3692
Barley_Root;4;P/Fe;0.3920
Barley_Root;4;P/Fe;0.2429
Barley_Root;4;P/Fe;0.2556
Barley_Root;7;C;0.2183
Barley_Root;7;C;0.1658
Barley_Root;7;C;0.1312
Barley_Root;7;C;0.3240
Barley_Root;7;C;0.4381
Barley_Root;7;C;0.2978
Barley_Root;7;C;0.3465
Barley_Root;7;P;0.5425
Barley_Root;7;P;0.3073
Barley_Root;7;P;0.4619
Barley_Root;7;P;0.3327
Barley_Root;7;P;0.5609
Barley_Root;7;P;0.2930
Barley_Root;7;P;0.4376
Barley_Root;7;Fe;0.4010
Barley_Root;7;Fe;0.4450
Barley_Root;7;Fe;0.2526
Barley_Root;7;Fe;0.2104
Barley_Root;7;Fe;0.2664
Barley_Root;7;Fe;0.4516
Barley_Root;7;Fe;0.3166
Barley_Root;7;P/Fe;0.5428
Barley_Root;7;P/Fe;0.2729
Barley_Root;7;P/Fe;0.3030
Barley_Root;7;P/Fe;0.4447
Barley_Root;7;P/Fe;0.4442
Barley_Root;7;P/Fe;0.3267
Barley_Root;7;P/Fe;0.3509
Barley_Root;9;C;0.3917
Barley_Root;9;C;0.3533
Barley_Root;9;C;0.2626
Barley_Root;9;C;0.3332
Barley_Root;9;C;0.4976
Barley_Root;9;C;0.3958
Barley_Root;9;C;0.3155
Barley_Root;9;P;0.7782
Barley_Root;9;P;0.5333
Barley_Root;9;P;0.4282
Barley_Root;9;P;0.5666
Barley_Root;9;P;0.3721
Barley_Root;9;P;0.2497
Barley_Root;9;P;0.6368
Barley_Root;9;Fe;0.2361
Barley_Root;9;Fe;0.3502
Barley_Root;9;Fe;0.5934
Barley_Root;9;Fe;0.4607
Barley_Root;9;Fe;0.4657
Barley_Root;9;Fe;0.9636
Barley_Root;9;Fe;0.2031
Barley_Root;9;P/Fe;0.4299
Barley_Root;9;P/Fe;0.2991
Barley_Root;9;P/Fe;0.4881
Barley_Root;9;P/Fe;0.3384
Barley_Root;9;P/Fe;0.4071
Barley_Root;9;P/Fe;0.3682
Barley_Root;9;P/Fe;0.8243
Barley_Root;11;C;0.3836
Barley_Root;11;C;0.5272
Barley_Root;11;C;0.4053
Barley_Root;11;C;0.5918
Barley_Root;11;C;0.3881
Barley_Root;11;C;0.3521
Barley_Root;11;C;0.2665
Barley_Root;11;P;0.6890
Barley_Root;11;P;0.5658
Barley_Root;11;P;0.3225
Barley_Root;11;P;0.5970
Barley_Root;11;P;0.4354
Barley_Root;11;P;0.4692
Barley_Root;11;P;0.4754
Barley_Root;11;Fe;0.2490
Barley_Root;11;Fe;0.4476
Barley_Root;11;Fe;0.4127
Barley_Root;11;Fe;0.5023
Barley_Root;11;Fe;0.2741
Barley_Root;11;Fe;0.3752
Barley_Root;11;Fe;0.2310
Barley_Root;11;P/Fe;0.6213
Barley_Root;11;P/Fe;0.6846
Barley_Root;11;P/Fe;0.3742
Barley_Root;11;P/Fe;0.8718
Barley_Root;11;P/Fe;0.4672
Barley_Root;11;P/Fe;0.5017
Barley_Root;11;P/Fe;0.5969
Barley_Root;14;C;0.6310
Barley_Root;14;C;0.5728
Barley_Root;14;C;0.7318
Barley_Root;14;C;0.6438
Barley_Root;14;C;0.4240
Barley_Root;14;C;0.6791
Barley_Root;14;C;0.6542
Barley_Root;14;P;0.8452
Barley_Root;14;P;1.3772
Barley_Root;14;P;1.3686
Barley_Root;14;P;0.9184
Barley_Root;14;P;1.1124
Barley_Root;14;P;0.5788
Barley_Root;14;P;1.2378
Barley_Root;14;Fe;0.6652
Barley_Root;14;Fe;0.5455
Barley_Root;14;Fe;0.8500
Barley_Root;14;Fe;0.8090
Barley_Root;14;Fe;0.4039
Barley_Root;14;Fe;0.6607
Barley_Root;14;Fe;1.1461
Barley_Root;14;P/Fe;0.7554
Barley_Root;14;P/Fe;0.9797
Barley_Root;14;P/Fe;0.8328
Barley_Root;14;P/Fe;1.1282
Barley_Root;14;P/Fe;1.0599
Barley_Root;14;P/Fe;0.7762
Barley_Root;14;P/Fe;0.7551
Barley_Shoot;-11;C;0.0422
Barley_Shoot;-11;C;0.0479
Barley_Shoot;-11;C;0.0387
Barley_Shoot;-7;C;0.0673
Barley_Shoot;-7;C;0.0823
Barley_Shoot;-7;C;0.0659
Barley_Shoot;-7;C;0.0486
Barley_Shoot;-7;C;0.0477
Barley_Shoot;-7;C;0.0493
Barley_Shoot;-7;C;0.0406
Barley_Shoot;-3;C;0.1579
Barley_Shoot;-3;C;0.2162
Barley_Shoot;-3;C;0.2936
Barley_Shoot;-3;C;0.2998
Barley_Shoot;-3;C;0.3062
Barley_Shoot;-3;C;0.2134
Barley_Shoot;-3;C;0.2588
Barley_Shoot;0;C;0.4626
Barley_Shoot;0;C;0.4797
Barley_Shoot;0;C;0.4368
Barley_Shoot;0;C;0.3364
Barley_Shoot;0;C;0.3289
Barley_Shoot;0;C;0.4304
Barley_Shoot;0;C;0.5264
Barley_Shoot;0;P;0.3054
Barley_Shoot;0;P;0.2167
Barley_Shoot;0;P;0.2894
Barley_Shoot;0;P;0.4213
Barley_Shoot;0;P;0.3886
Barley_Shoot;0;P;0.2607
Barley_Shoot;0;P;0.2776
Barley_Shoot;0;Fe;0.3982
Barley_Shoot;0;Fe;0.3812
Barley_Shoot;0;Fe;0.4528
Barley_Shoot;0;Fe;0.3289
Barley_Shoot;0;Fe;0.4562
Barley_Shoot;0;Fe;0.3308
Barley_Shoot;0;Fe;0.4131
Barley_Shoot;0;P/Fe;0.4046
Barley_Shoot;0;P/Fe;0.2886
Barley_Shoot;0;P/Fe;0.3443
Barley_Shoot;0;P/Fe;0.2052
Barley_Shoot;0;P/Fe;0.3733
Barley_Shoot;0;P/Fe;0.3873
Barley_Shoot;0;P/Fe;0.4288
Barley_Shoot;2;C;0.5952
Barley_Shoot;2;C;0.3789
Barley_Shoot;2;C;0.4192
Barley_Shoot;2;C;0.5742
Barley_Shoot;2;C;0.3296
Barley_Shoot;2;C;0.3371
Barley_Shoot;2;C;0.4725
Barley_Shoot;2;P;0.5806
Barley_Shoot;2;P;0.3436
Barley_Shoot;2;P;0.3826
Barley_Shoot;2;P;0.5339
Barley_Shoot;2;P;0.5499
Barley_Shoot;2;P;0.4750
Barley_Shoot;2;P;0.5302
Barley_Shoot;2;Fe;0.5025
Barley_Shoot;2;Fe;0.2450
Barley_Shoot;2;Fe;0.5044
Barley_Shoot;2;Fe;0.4707
Barley_Shoot;2;Fe;0.5621
Barley_Shoot;2;Fe;0.5492
Barley_Shoot;2;Fe;0.4919
Barley_Shoot;2;P/Fe;0.5277
Barley_Shoot;2;P/Fe;0.5757
Barley_Shoot;2;P/Fe;0.5779
Barley_Shoot;2;P/Fe;0.5846
Barley_Shoot;2;P/Fe;0.5418
Barley_Shoot;2;P/Fe;0.5360
Barley_Shoot;2;P/Fe;0.3956
Barley_Shoot;4;C;0.7286
Barley_Shoot;4;C;0.6084
Barley_Shoot;4;C;0.6102
Barley_Shoot;4;C;0.7023
Barley_Shoot;4;C;0.6726
Barley_Shoot;4;C;0.3957
Barley_Shoot;4;C;0.6529
Barley_Shoot;4;P;0.7281
Barley_Shoot;4;P;0.6756
Barley_Shoot;4;P;0.5275
Barley_Shoot;4;P;0.6094
Barley_Shoot;4;P;0.7524
Barley_Shoot;4;P;0.4733
Barley_Shoot;4;P;0.5151
Barley_Shoot;4;Fe;0.7096
Barley_Shoot;4;Fe;0.6438
Barley_Shoot;4;Fe;0.4490
Barley_Shoot;4;Fe;0.7734
Barley_Shoot;4;Fe;0.7594
Barley_Shoot;4;Fe;0.5592
Barley_Shoot;4;Fe;0.6920
Barley_Shoot;4;P/Fe;0.5105
Barley_Shoot;4;P/Fe;0.3144
Barley_Shoot;4;P/Fe;0.8027
Barley_Shoot;4;P/Fe;0.7255
Barley_Shoot;4;P/Fe;0.8055
Barley_Shoot;4;P/Fe;0.6226
Barley_Shoot;4;P/Fe;0.7263
Barley_Shoot;7;C;0.9486
Barley_Shoot;7;C;0.6820
Barley_Shoot;7;C;0.6775
Barley_Shoot;7;C;0.8884
Barley_Shoot;7;C;1.2432
Barley_Shoot;7;C;1.0457
Barley_Shoot;7;C;1.0414
Barley_Shoot;7;P;1.0272
Barley_Shoot;7;P;0.7329
Barley_Shoot;7;P;0.9485
Barley_Shoot;7;P;0.7507
Barley_Shoot;7;P;1.1536
Barley_Shoot;7;P;0.6986
Barley_Shoot;7;P;1.0338
Barley_Shoot;7;Fe;0.9813
Barley_Shoot;7;Fe;1.1652
Barley_Shoot;7;Fe;0.6869
Barley_Shoot;7;Fe;0.6234
Barley_Shoot;7;Fe;0.6658
Barley_Shoot;7;Fe;1.1385
Barley_Shoot;7;Fe;1.0361
Barley_Shoot;7;P/Fe;1.0592
Barley_Shoot;7;P/Fe;0.6368
Barley_Shoot;7;P/Fe;0.7849
Barley_Shoot;7;P/Fe;1.0531
Barley_Shoot;7;P/Fe;1.0117
Barley_Shoot;7;P/Fe;0.9345
Barley_Shoot;7;P/Fe;0.7327
Barley_Shoot;9;C;1.1961
Barley_Shoot;9;C;1.2772
Barley_Shoot;9;C;0.9045
Barley_Shoot;9;C;1.1533
Barley_Shoot;9;C;1.3286
Barley_Shoot;9;C;0.9795
Barley_Shoot;9;C;1.0753
Barley_Shoot;9;P;1.4461
Barley_Shoot;9;P;1.2716
Barley_Shoot;9;P;1.2080
Barley_Shoot;9;P;1.3367
Barley_Shoot;9;P;1.2342
Barley_Shoot;9;P;0.7624
Barley_Shoot;9;P;1.3318
Barley_Shoot;9;Fe;0.7301
Barley_Shoot;9;Fe;1.0593
Barley_Shoot;9;Fe;1.2607
Barley_Shoot;9;Fe;1.4109
Barley_Shoot;9;Fe;1.1896
Barley_Shoot;9;Fe;1.6865
Barley_Shoot;9;Fe;0.6613
Barley_Shoot;9;P/Fe;1.0143
Barley_Shoot;9;P/Fe;0.8074
Barley_Shoot;9;P/Fe;1.1566
Barley_Shoot;9;P/Fe;1.0226
Barley_Shoot;9;P/Fe;1.1424
Barley_Shoot;9;P/Fe;0.8756
Barley_Shoot;9;P/Fe;0.8764
Barley_Shoot;11;C;1.2054
Barley_Shoot;11;C;1.4689
Barley_Shoot;11;C;1.5212
Barley_Shoot;11;C;1.7306
Barley_Shoot;11;C;1.4535
Barley_Shoot;11;C;1.4236
Barley_Shoot;11;C;1.2941
Barley_Shoot;11;P;1.4190
Barley_Shoot;11;P;1.5442
Barley_Shoot;11;P;0.8852
Barley_Shoot;11;P;1.3845
Barley_Shoot;11;P;0.9851
Barley_Shoot;11;P;1.3696
Barley_Shoot;11;P;1.1065
Barley_Shoot;11;Fe;0.8511
Barley_Shoot;11;Fe;1.3691
Barley_Shoot;11;Fe;1.3685
Barley_Shoot;11;Fe;1.3588
Barley_Shoot;11;Fe;0.9513
Barley_Shoot;11;Fe;1.1975
Barley_Shoot;11;Fe;1.1522
Barley_Shoot;11;P/Fe;1.3535
Barley_Shoot;11;P/Fe;1.4094
Barley_Shoot;11;P/Fe;1.0333
Barley_Shoot;11;P/Fe;1.7114
Barley_Shoot;11;P/Fe;1.1506
Barley_Shoot;11;P/Fe;1.1130
Barley_Shoot;11;P/Fe;1.4890
Barley_Shoot;14;C;1.9371
Barley_Shoot;14;C;1.6367
Barley_Shoot;14;C;1.8906
Barley_Shoot;14;C;1.8422
Barley_Shoot;14;C;1.3127
Barley_Shoot;14;C;2.0551
Barley_Shoot;14;C;2.0792
Barley_Shoot;14;P;1.6655
Barley_Shoot;14;P;2.0753
Barley_Shoot;14;P;2.3601
Barley_Shoot;14;P;1.6088
Barley_Shoot;14;P;1.6663
Barley_Shoot;14;P;1.3310
Barley_Shoot;14;P;1.7567
Barley_Shoot;14;Fe;1.4758
Barley_Shoot;14;Fe;1.5566
Barley_Shoot;14;Fe;1.8467
Barley_Shoot;14;Fe;1.8577
Barley_Shoot;14;Fe;1.3559
Barley_Shoot;14;Fe;1.6760
Barley_Shoot;14;Fe;2.4657
Barley_Shoot;14;P/Fe;1.4702
Barley_Shoot;14;P/Fe;1.5630
Barley_Shoot;14;P/Fe;1.3241
Barley_Shoot;14;P/Fe;2.1314
Barley_Shoot;14;P/Fe;1.4334
Barley_Shoot;14;P/Fe;1.2766
Barley_Shoot;14;P/Fe;1.3948
Cucumber_Root;-13;C;0.0251
Cucumber_Root;-13;C;0.0293
Cucumber_Root;-13;C;0.0278
Cucumber_Root;-7;C;0.0825
Cucumber_Root;-7;C;0.0558
Cucumber_Root;-7;C;0.0446
Cucumber_Root;-7;C;0.0477
Cucumber_Root;-7;C;0.0500
Cucumber_Root;-7;C;0.0630
Cucumber_Root;-7;C;0.0372
Cucumber_Root;-2;C;0.1884
Cucumber_Root;-2;C;0.1810
Cucumber_Root;-2;C;0.1853
Cucumber_Root;-2;C;0.1768
Cucumber_Root;-2;C;0.1482
Cucumber_Root;-2;C;0.1399
Cucumber_Root;-2;C;0.1775
Cucumber_Root;0;C;0.2305
Cucumber_Root;0;C;0.4601
Cucumber_Root;0;C;0.3142
Cucumber_Root;0;C;0.1211
Cucumber_Root;0;C;0.3232
Cucumber_Root;0;C;0.1769
Cucumber_Root;0;C;0.1432
Cucumber_Root;0;P;0.2294
Cucumber_Root;0;P;0.2445
Cucumber_Root;0;P;0.1913
Cucumber_Root;0;P;0.2852
Cucumber_Root;0;P;0.3176
Cucumber_Root;0;P;0.4029
Cucumber_Root;0;P;0.2278
Cucumber_Root;0;Fe;0.2073
Cucumber_Root;0;Fe;0.1077
Cucumber_Root;0;Fe;0.3457
Cucumber_Root;0;Fe;0.2107
Cucumber_Root;0;Fe;0.2015
Cucumber_Root;0;Fe;0.4294
Cucumber_Root;0;Fe;0.2051
Cucumber_Root;0;P/Fe;0.2923
Cucumber_Root;0;P/Fe;0.2643
Cucumber_Root;0;P/Fe;0.2915
Cucumber_Root;0;P/Fe;0.3984
Cucumber_Root;0;P/Fe;0.4579
Cucumber_Root;0;P/Fe;0.2899
Cucumber_Root;0;P/Fe;0.3323
Cucumber_Root;2;C;0.3615
Cucumber_Root;2;C;0.5177
Cucumber_Root;2;C;0.3650
Cucumber_Root;2;C;0.4197
Cucumber_Root;2;C;0.5906
Cucumber_Root;2;C;0.5206
Cucumber_Root;2;C;0.2980
Cucumber_Root;2;P;0.4625
Cucumber_Root;2;P;0.6286
Cucumber_Root;2;P;0.4727
Cucumber_Root;2;P;0.2408
Cucumber_Root;2;P;0.5363
Cucumber_Root;2;P;0.4611
Cucumber_Root;2;P;0.1497
Cucumber_Root;2;Fe;0.4692
Cucumber_Root;2;Fe;0.6801
Cucumber_Root;2;Fe;0.5721
Cucumber_Root;2;Fe;0.4305
Cucumber_Root;2;Fe;0.3206
Cucumber_Root;2;Fe;0.3637
Cucumber_Root;2;Fe;0.6807
Cucumber_Root;2;P/Fe;0.3447
Cucumber_Root;2;P/Fe;0.6078
Cucumber_Root;2;P/Fe;0.5743
Cucumber_Root;2;P/Fe;0.4210
Cucumber_Root;2;P/Fe;0.3880
Cucumber_Root;2;P/Fe;0.2840
Cucumber_Root;2;P/Fe;0.5039
Cucumber_Root;5;C;0.2860
Cucumber_Root;5;C;0.7710
Cucumber_Root;5;C;1.1539
Cucumber_Root;5;C;0.7010
Cucumber_Root;5;C;1.3443
Cucumber_Root;5;C;0.3928
Cucumber_Root;5;C;1.1826
Cucumber_Root;5;P;0.5036
Cucumber_Root;5;P;0.5951
Cucumber_Root;5;P;0.6013
Cucumber_Root;5;P;0.5765
Cucumber_Root;5;P;1.5356
Cucumber_Root;5;P;0.3778
Cucumber_Root;5;P;1.1443
Cucumber_Root;5;Fe;0.6188
Cucumber_Root;5;Fe;0.4797
Cucumber_Root;5;Fe;0.5034
Cucumber_Root;5;Fe;0.5441
Cucumber_Root;5;Fe;0.3561
Cucumber_Root;5;Fe;0.8200
Cucumber_Root;5;Fe;0.6569
Cucumber_Root;5;P/Fe;1.2908
Cucumber_Root;5;P/Fe;0.4979
Cucumber_Root;5;P/Fe;0.5616
Cucumber_Root;5;P/Fe;1.0301
Cucumber_Root;5;P/Fe;0.6383
Cucumber_Root;5;P/Fe;1.4799
Cucumber_Root;5;P/Fe;0.4485
Cucumber_Root;7;C;1.9089
Cucumber_Root;7;C;0.5356
Cucumber_Root;7;C;2.5531
Cucumber_Root;7;C;1.6658
Cucumber_Root;7;C;0.7583
Cucumber_Root;7;C;0.5637
Cucumber_Root;7;C;1.9271
Cucumber_Root;7;P;0.4748
Cucumber_Root;7;P;0.3899
Cucumber_Root;7;P;0.8539
Cucumber_Root;7;P;1.6189
Cucumber_Root;7;P;1.0900
Cucumber_Root;7;P;0.7050
Cucumber_Root;7;P;1.5907
Cucumber_Root;7;Fe;0.6424
Cucumber_Root;7;Fe;1.1131
Cucumber_Root;7;Fe;0.4356
Cucumber_Root;7;Fe;0.7685
Cucumber_Root;7;Fe;1.0089
Cucumber_Root;7;Fe;0.6660
Cucumber_Root;7;Fe;0.4002
Cucumber_Root;7;P/Fe;0.9644
Cucumber_Root;7;P/Fe;0.5301
Cucumber_Root;7;P/Fe;0.2545
Cucumber_Root;7;P/Fe;1.1943
Cucumber_Root;7;P/Fe;0.7588
Cucumber_Root;7;P/Fe;1.0439
Cucumber_Root;7;P/Fe;1.1991
Cucumber_Root;9;C;0.9214
Cucumber_Root;9;C;2.8237
Cucumber_Root;9;C;0.6407
Cucumber_Root;9;C;0.5723
Cucumber_Root;9;C;1.7471
Cucumber_Root;9;C;0.4415
Cucumber_Root;9;C;0.3702
Cucumber_Root;9;P;0.5568
Cucumber_Root;9;P;0.4169
Cucumber_Root;9;P;1.9498
Cucumber_Root;9;P;0.4148
Cucumber_Root;9;P;1.0081
Cucumber_Root;9;P;1.3186
Cucumber_Root;9;P;0.8583
Cucumber_Root;9;Fe;1.8252
Cucumber_Root;9;Fe;2.9979
Cucumber_Root;9;Fe;0.5083
Cucumber_Root;9;Fe;0.4365
Cucumber_Root;9;Fe;0.2485
Cucumber_Root;9;Fe;1.3410
Cucumber_Root;9;Fe;0.7298
Cucumber_Root;9;P/Fe;0.8273
Cucumber_Root;9;P/Fe;2.4790
Cucumber_Root;9;P/Fe;1.5532
Cucumber_Root;9;P/Fe;1.2235
Cucumber_Root;9;P/Fe;0.4947
Cucumber_Root;9;P/Fe;0.5102
Cucumber_Root;9;P/Fe;0.7682
Cucumber_Root;12;C;2.5154
Cucumber_Root;12;C;1.5625
Cucumber_Root;12;C;2.9074
Cucumber_Root;12;C;1.0713
Cucumber_Root;12;C;3.7611
Cucumber_Root;12;C;1.2951
Cucumber_Root;12;C;2.1902
Cucumber_Root;12;P;1.4754
Cucumber_Root;12;P;4.3322
Cucumber_Root;12;P;3.6210
Cucumber_Root;12;P;3.3118
Cucumber_Root;12;P;1.1244
Cucumber_Root;12;P;1.9418
Cucumber_Root;12;P;1.2740
Cucumber_Root;12;Fe;0.8858
Cucumber_Root;12;Fe;2.6051
Cucumber_Root;12;Fe;1.7193
Cucumber_Root;12;Fe;1.6828
Cucumber_Root;12;Fe;0.2572
Cucumber_Root;12;Fe;0.7487
Cucumber_Root;12;Fe;0.6488
Cucumber_Root;12;P/Fe;1.9248
Cucumber_Root;12;P/Fe;0.6413
Cucumber_Root;12;P/Fe;0.7649
Cucumber_Root;12;P/Fe;1.3920
Cucumber_Root;12;P/Fe;0.6065
Cucumber_Root;12;P/Fe;0.6430
Cucumber_Root;12;P/Fe;2.0679
Cucumber_Root;14;C;1.7022
Cucumber_Root;14;C;0.9420
Cucumber_Root;14;C;3.5508
Cucumber_Root;14;C;1.2145
Cucumber_Root;14;C;1.2842
Cucumber_Root;14;C;3.7363
Cucumber_Root;14;C;2.7574
Cucumber_Root;14;P;1.9230
Cucumber_Root;14;P;1.0259
Cucumber_Root;14;P;4.1220
Cucumber_Root;14;P;1.6636
Cucumber_Root;14;P;1.8382
Cucumber_Root;14;P;1.0519
Cucumber_Root;14;P;3.7753
Cucumber_Root;14;Fe;4.3041
Cucumber_Root;14;Fe;1.8372
Cucumber_Root;14;Fe;5.8498
Cucumber_Root;14;Fe;0.9433
Cucumber_Root;14;Fe;0.4298
Cucumber_Root;14;Fe;0.5409
Cucumber_Root;14;Fe;0.7104
Cucumber_Root;14;P/Fe;2.9873
Cucumber_Root;14;P/Fe;1.2926
Cucumber_Root;14;P/Fe;2.5000
Cucumber_Root;14;P/Fe;1.2862
Cucumber_Root;14;P/Fe;2.7919
Cucumber_Root;14;P/Fe;2.5232
Cucumber_Root;14;P/Fe;1.6526
Cucumber_Shoot;-13;C;0.0251
Cucumber_Shoot;-13;C;0.0293
Cucumber_Shoot;-13;C;0.0278
Cucumber_Shoot;-7;C;0.1351
Cucumber_Shoot;-7;C;0.0972
Cucumber_Shoot;-7;C;0.0856
Cucumber_Shoot;-7;C;0.0993
Cucumber_Shoot;-7;C;0.1301
Cucumber_Shoot;-7;C;0.1431
Cucumber_Shoot;-7;C;0.0964
Cucumber_Shoot;-2;C;0.8741
Cucumber_Shoot;-2;C;0.7321
Cucumber_Shoot;-2;C;0.7746
Cucumber_Shoot;-2;C;0.6738
Cucumber_Shoot;-2;C;0.6623
Cucumber_Shoot;-2;C;0.6535
Cucumber_Shoot;-2;C;0.6995
Cucumber_Shoot;0;C;0.9993
Cucumber_Shoot;0;C;1.4865
Cucumber_Shoot;0;C;0.9597
Cucumber_Shoot;0;C;0.5448
Cucumber_Shoot;0;C;1.1084
Cucumber_Shoot;0;C;0.7606
Cucumber_Shoot;0;C;0.6623
Cucumber_Shoot;0;P;0.8943
Cucumber_Shoot;0;P;0.9494
Cucumber_Shoot;0;P;0.6941
Cucumber_Shoot;0;P;0.7953
Cucumber_Shoot;0;P;0.9816
Cucumber_Shoot;0;P;1.0901
Cucumber_Shoot;0;P;0.7410
Cucumber_Shoot;0;Fe;0.7990
Cucumber_Shoot;0;Fe;0.6967
Cucumber_Shoot;0;Fe;0.9917
Cucumber_Shoot;0;Fe;0.8246
Cucumber_Shoot;0;Fe;0.8405
Cucumber_Shoot;0;Fe;0.8956
Cucumber_Shoot;0;Fe;0.6411
Cucumber_Shoot;0;P/Fe;0.9619
Cucumber_Shoot;0;P/Fe;0.9319
Cucumber_Shoot;0;P/Fe;0.9079
Cucumber_Shoot;0;P/Fe;1.1372
Cucumber_Shoot;0;P/Fe;1.1118
Cucumber_Shoot;0;P/Fe;0.9054
Cucumber_Shoot;0;P/Fe;1.0619
Cucumber_Shoot;2;C;1.1786
Cucumber_Shoot;2;C;1.4157
Cucumber_Shoot;2;C;1.0438
Cucumber_Shoot;2;C;1.2121
Cucumber_Shoot;2;C;1.4056
Cucumber_Shoot;2;C;1.4836
Cucumber_Shoot;2;C;0.8158
Cucumber_Shoot;2;P;1.4126
Cucumber_Shoot;2;P;1.7616
Cucumber_Shoot;2;P;1.2561
Cucumber_Shoot;2;P;0.6493
Cucumber_Shoot;2;P;1.3786
Cucumber_Shoot;2;P;1.2406
Cucumber_Shoot;2;P;0.5783
Cucumber_Shoot;2;Fe;1.3816
Cucumber_Shoot;2;Fe;1.5796
Cucumber_Shoot;2;Fe;1.5969
Cucumber_Shoot;2;Fe;1.1479
Cucumber_Shoot;2;Fe;1.1843
Cucumber_Shoot;2;Fe;1.0876
Cucumber_Shoot;2;Fe;1.4239
Cucumber_Shoot;2;P/Fe;1.0404
Cucumber_Shoot;2;P/Fe;1.2147
Cucumber_Shoot;2;P/Fe;1.4838
Cucumber_Shoot;2;P/Fe;1.2263
Cucumber_Shoot;2;P/Fe;1.2578
Cucumber_Shoot;2;P/Fe;0.9775
Cucumber_Shoot;2;P/Fe;1.3906
Cucumber_Shoot;5;C;1.0203
Cucumber_Shoot;5;C;1.8498
Cucumber_Shoot;5;C;2.7668
Cucumber_Shoot;5;C;1.9551
Cucumber_Shoot;5;C;2.6688
Cucumber_Shoot;5;C;1.4520
Cucumber_Shoot;5;C;2.0142
Cucumber_Shoot;5;P;1.3405
Cucumber_Shoot;5;P;1.9337
Cucumber_Shoot;5;P;1.4638
Cucumber_Shoot;5;P;1.6821
Cucumber_Shoot;5;P;1.9844
Cucumber_Shoot;5;P;1.2948
Cucumber_Shoot;5;P;2.6506
Cucumber_Shoot;5;Fe;2.1337
Cucumber_Shoot;5;Fe;1.7203
Cucumber_Shoot;5;Fe;2.1425
Cucumber_Shoot;5;Fe;1.8311
Cucumber_Shoot;5;Fe;1.7304
Cucumber_Shoot;5;Fe;2.0683
Cucumber_Shoot;5;Fe;2.6133
Cucumber_Shoot;5;P/Fe;1.7269
Cucumber_Shoot;5;P/Fe;1.8776
Cucumber_Shoot;5;P/Fe;1.4962
Cucumber_Shoot;5;P/Fe;1.9840
Cucumber_Shoot;5;P/Fe;1.4607
Cucumber_Shoot;5;P/Fe;2.0400
Cucumber_Shoot;5;P/Fe;0.9549
Cucumber_Shoot;7;C;2.7909
Cucumber_Shoot;7;C;2.2417
Cucumber_Shoot;7;C;3.0180
Cucumber_Shoot;7;C;2.7111
Cucumber_Shoot;7;C;2.2101
Cucumber_Shoot;7;C;2.5608
Cucumber_Shoot;7;C;2.9503
Cucumber_Shoot;7;P;2.1149
Cucumber_Shoot;7;P;2.0707
Cucumber_Shoot;7;P;2.4577
Cucumber_Shoot;7;P;2.5544
Cucumber_Shoot;7;P;1.6714
Cucumber_Shoot;7;P;1.4908
Cucumber_Shoot;7;P;2.5594
Cucumber_Shoot;7;Fe;1.7119
Cucumber_Shoot;7;Fe;2.1021
Cucumber_Shoot;7;Fe;2.1007
Cucumber_Shoot;7;Fe;2.0293
Cucumber_Shoot;7;Fe;2.4536
Cucumber_Shoot;7;Fe;2.5329
Cucumber_Shoot;7;Fe;1.7248
Cucumber_Shoot;7;P/Fe;2.2367
Cucumber_Shoot;7;P/Fe;1.9309
Cucumber_Shoot;7;P/Fe;1.1375
Cucumber_Shoot;7;P/Fe;2.1881
Cucumber_Shoot;7;P/Fe;1.5718
Cucumber_Shoot;7;P/Fe;1.8889
Cucumber_Shoot;7;P/Fe;2.5020
Cucumber_Shoot;9;C;2.3460
Cucumber_Shoot;9;C;5.0509
Cucumber_Shoot;9;C;2.2979
Cucumber_Shoot;9;C;1.6998
Cucumber_Shoot;9;C;3.4896
Cucumber_Shoot;9;C;2.8265
Cucumber_Shoot;9;C;2.2959
Cucumber_Shoot;9;P;2.1377
Cucumber_Shoot;9;P;2.4380
Cucumber_Shoot;9;P;2.4599
Cucumber_Shoot;9;P;2.4208
Cucumber_Shoot;9;P;2.2174
Cucumber_Shoot;9;P;2.8478
Cucumber_Shoot;9;P;2.4544
Cucumber_Shoot;9;Fe;3.5027
Cucumber_Shoot;9;Fe;4.5838
Cucumber_Shoot;9;Fe;2.9728
Cucumber_Shoot;9;Fe;1.7952
Cucumber_Shoot;9;Fe;1.9352
Cucumber_Shoot;9;Fe;2.3106
Cucumber_Shoot;9;Fe;3.3020
Cucumber_Shoot;9;P/Fe;1.7674
Cucumber_Shoot;9;P/Fe;1.3612
Cucumber_Shoot;9;P/Fe;2.0274
Cucumber_Shoot;9;P/Fe;1.5999
Cucumber_Shoot;9;P/Fe;1.2093
Cucumber_Shoot;9;P/Fe;2.1360
Cucumber_Shoot;9;P/Fe;2.3873
Cucumber_Shoot;12;C;5.8129
Cucumber_Shoot;12;C;6.5715
Cucumber_Shoot;12;C;6.8301
Cucumber_Shoot;12;C;3.2378
Cucumber_Shoot;12;C;6.9454
Cucumber_Shoot;12;C;4.4976
Cucumber_Shoot;12;C;6.6206
Cucumber_Shoot;12;P;2.8490
Cucumber_Shoot;12;P;3.2467
Cucumber_Shoot;12;P;3.2342
Cucumber_Shoot;12;P;3.0027
Cucumber_Shoot;12;P;2.9808
Cucumber_Shoot;12;P;2.3207
Cucumber_Shoot;12;P;2.8424
Cucumber_Shoot;12;Fe;3.8143
Cucumber_Shoot;12;Fe;4.9656
Cucumber_Shoot;12;Fe;5.8534
Cucumber_Shoot;12;Fe;4.0903
Cucumber_Shoot;12;Fe;2.3176
Cucumber_Shoot;12;Fe;3.4180
Cucumber_Shoot;12;Fe;4.2483
Cucumber_Shoot;12;P/Fe;3.6460
Cucumber_Shoot;12;P/Fe;1.6353
Cucumber_Shoot;12;P/Fe;2.8695
Cucumber_Shoot;12;P/Fe;3.4461
Cucumber_Shoot;12;P/Fe;2.1199
Cucumber_Shoot;12;P/Fe;2.8171
Cucumber_Shoot;12;P/Fe;3.8245
Cucumber_Shoot;14;C;5.6250
Cucumber_Shoot;14;C;4.0427
Cucumber_Shoot;14;C;6.9432
Cucumber_Shoot;14;C;3.8031
Cucumber_Shoot;14;C;4.7008
Cucumber_Shoot;14;C;6.6058
Cucumber_Shoot;14;C;5.1200
Cucumber_Shoot;14;P;2.9957
Cucumber_Shoot;14;P;3.3687
Cucumber_Shoot;14;P;4.9955
Cucumber_Shoot;14;P;3.6128
Cucumber_Shoot;14;P;3.5864
Cucumber_Shoot;14;P;2.6388
Cucumber_Shoot;14;P;5.3024
Cucumber_Shoot;14;Fe;6.7131
Cucumber_Shoot;14;Fe;4.6143
Cucumber_Shoot;14;Fe;9.1192
Cucumber_Shoot;14;Fe;2.9008
Cucumber_Shoot;14;Fe;2.5892
Cucumber_Shoot;14;Fe;5.6053
Cucumber_Shoot;14;Fe;6.4238
Cucumber_Shoot;14;P/Fe;3.1670
Cucumber_Shoot;14;P/Fe;3.0455
Cucumber_Shoot;14;P/Fe;2.4385
Cucumber_Shoot;14;P/Fe;3.2600
Cucumber_Shoot;14;P/Fe;3.6288
Cucumber_Shoot;14;P/Fe;3.6390
Cucumber_Shoot;14;P/Fe;3.7038
Maize_Root;-17;C;0.1176
Maize_Root;-17;C;0.1238
Maize_Root;-17;C;0.1045
Maize_Root;-7;C;
Maize_Root;-7;C;
Maize_Root;-7;C;
Maize_Root;-7;C;
Maize_Root;-7;C;
Maize_Root;-7;C;
Maize_Root;-7;C;
Maize_Root;-3;C;
Maize_Root;-3;C;
Maize_Root;-3;C;
Maize_Root;-3;C;
Maize_Root;-3;C;
Maize_Root;-3;C;
Maize_Root;-3;C;
Maize_Root;0;C;
Maize_Root;0;C;
Maize_Root;0;C;
Maize_Root;0;C;
Maize_Root;0;C;
Maize_Root;0;C;
Maize_Root;0;C;
Maize_Root;0;P;
Maize_Root;0;P;
Maize_Root;0;P;
Maize_Root;0;P;
Maize_Root;0;P;
Maize_Root;0;P;
Maize_Root;0;P;
Maize_Root;0;Fe;
Maize_Root;0;Fe;
Maize_Root;0;Fe;
Maize_Root;0;Fe;
Maize_Root;0;Fe;
Maize_Root;0;Fe;
Maize_Root;0;Fe;
Maize_Root;0;P/Fe;
Maize_Root;0;P/Fe;
Maize_Root;0;P/Fe;
Maize_Root;0;P/Fe;
Maize_Root;0;P/Fe;
Maize_Root;0;P/Fe;
Maize_Root;0;P/Fe;
Maize_Root;2;C;
Maize_Root;2;C;
Maize_Root;2;C;
Maize_Root;2;C;
Maize_Root;2;C;
Maize_Root;2;C;
Maize_Root;2;C;
Maize_Root;2;P;
Maize_Root;2;P;
Maize_Root;2;P;
Maize_Root;2;P;
Maize_Root;2;P;
Maize_Root;2;P;
Maize_Root;2;P;
Maize_Root;2;Fe;
Maize_Root;2;Fe;
Maize_Root;2;Fe;
Maize_Root;2;Fe;
Maize_Root;2;Fe;
Maize_Root;2;Fe;
Maize_Root;2;Fe;
Maize_Root;2;P/Fe;
Maize_Root;2;P/Fe;
Maize_Root;2;P/Fe;
Maize_Root;2;P/Fe;
Maize_Root;2;P/Fe;
Maize_Root;2;P/Fe;
Maize_Root;2;P/Fe;
Maize_Root;4;C;
Maize_Root;4;C;
Maize_Root;4;C;
Maize_Root;4;C;
Maize_Root;4;C;
Maize_Root;4;C;
Maize_Root;4;C;
Maize_Root;4;P;
Maize_Root;4;P;
Maize_Root;4;P;
Maize_Root;4;P;
Maize_Root;4;P;
Maize_Root;4;P;
Maize_Root;4;P;
Maize_Root;4;Fe;
Maize_Root;4;Fe;
Maize_Root;4;Fe;
Maize_Root;4;Fe;
Maize_Root;4;Fe;
Maize_Root;4;Fe;
Maize_Root;4;Fe;
Maize_Root;4;P/Fe;
Maize_Root;4;P/Fe;
Maize_Root;4;P/Fe;
Maize_Root;4;P/Fe;
Maize_Root;4;P/Fe;
Maize_Root;4;P/Fe;
Maize_Root;4;P/Fe;
Maize_Root;7;C;
Maize_Root;7;C;
Maize_Root;7;C;
Maize_Root;7;C;
Maize_Root;7;C;
Maize_Root;7;C;
Maize_Root;7;C;
Maize_Root;7;P;
Maize_Root;7;P;
Maize_Root;7;P;
Maize_Root;7;P;
Maize_Root;7;P;
Maize_Root;7;P;
Maize_Root;7;P;
Maize_Root;7;Fe;
Maize_Root;7;Fe;
Maize_Root;7;Fe;
Maize_Root;7;Fe;
Maize_Root;7;Fe;
Maize_Root;7;Fe;
Maize_Root;7;Fe;
Maize_Root;7;P/Fe;
Maize_Root;7;P/Fe;
Maize_Root;7;P/Fe;
Maize_Root;7;P/Fe;
Maize_Root;7;P/Fe;
Maize_Root;7;P/Fe;
Maize_Root;7;P/Fe;
Maize_Root;9;C;
Maize_Root;9;C;
Maize_Root;9;C;
Maize_Root;9;C;
Maize_Root;9;C;
Maize_Root;9;C;
Maize_Root;9;C;
Maize_Root;9;P;
Maize_Root;9;P;
Maize_Root;9;P;
Maize_Root;9;P;
Maize_Root;9;P;
Maize_Root;9;P;
Maize_Root;9;P;
Maize_Root;9;Fe;
Maize_Root;9;Fe;
Maize_Root;9;Fe;
Maize_Root;9;Fe;
Maize_Root;9;Fe;
Maize_Root;9;Fe;
Maize_Root;9;Fe;
Maize_Root;9;P/Fe;
Maize_Root;9;P/Fe;
Maize_Root;9;P/Fe;
Maize_Root;9;P/Fe;
Maize_Root;9;P/Fe;
Maize_Root;9;P/Fe;
Maize_Root;9;P/Fe;
Maize_Root;11;C;
Maize_Root;11;C;
Maize_Root;11;C;
Maize_Root;11;C;
Maize_Root;11;C;
Maize_Root;11;C;
Maize_Root;11;C;
Maize_Root;11;P;
Maize_Root;11;P;
Maize_Root;11;P;
Maize_Root;11;P;
Maize_Root;11;P;
Maize_Root;11;P;
Maize_Root;11;P;
Maize_Root;11;Fe;
Maize_Root;11;Fe;
Maize_Root;11;Fe;
Maize_Root;11;Fe;
Maize_Root;11;Fe;
Maize_Root;11;Fe;
Maize_Root;11;Fe;
Maize_Root;11;P/Fe;
Maize_Root;11;P/Fe;
Maize_Root;11;P/Fe;
Maize_Root;11;P/Fe;
Maize_Root;11;P/Fe;
Maize_Root;11;P/Fe;
Maize_Root;11;P/Fe;
Maize_Root;14;C;
Maize_Root;14;C;
Maize_Root;14;C;
Maize_Root;14;C;
Maize_Root;14;C;
Maize_Root;14;C;
Maize_Root;14;C;
Maize_Root;14;P;
Maize_Root;14;P;
Maize_Root;14;P;
Maize_Root;14;P;
Maize_Root;14;P;
Maize_Root;14;P;
Maize_Root;14;P;
Maize_Root;14;Fe;
Maize_Root;14;Fe;
Maize_Root;14;Fe;
Maize_Root;14;Fe;
Maize_Root;14;Fe;
Maize_Root;14;Fe;
Maize_Root;14;Fe;
Maize_Root;14;P/Fe;
Maize_Root;14;P/Fe;
Maize_Root;14;P/Fe;
Maize_Root;14;P/Fe;
Maize_Root;14;P/Fe;
Maize_Root;14;P/Fe;
Maize_Root;14;P/Fe;
Maize_Shoot;-17;C;0.1176
Maize_Shoot;-17;C;0.1238
Maize_Shoot;-17;C;0.1045
Maize_Shoot;-7;C;
Maize_Shoot;-7;C;
Maize_Shoot;-7;C;
Maize_Shoot;-7;C;
Maize_Shoot;-7;C;
Maize_Shoot;-7;C;
Maize_Shoot;-7;C;
Maize_Shoot;-3;C;
Maize_Shoot;-3;C;
Maize_Shoot;-3;C;
Maize_Shoot;-3;C;
Maize_Shoot;-3;C;
Maize_Shoot;-3;C;
Maize_Shoot;-3;C;
Maize_Shoot;0;C;
Maize_Shoot;0;C;
Maize_Shoot;0;C;
Maize_Shoot;0;C;
Maize_Shoot;0;C;
Maize_Shoot;0;C;
Maize_Shoot;0;C;
Maize_Shoot;0;P;
Maize_Shoot;0;P;
Maize_Shoot;0;P;
Maize_Shoot;0;P;
Maize_Shoot;0;P;
Maize_Shoot;0;P;
Maize_Shoot;0;P;
Maize_Shoot;0;Fe;
Maize_Shoot;0;Fe;
Maize_Shoot;0;Fe;
Maize_Shoot;0;Fe;
Maize_Shoot;0;Fe;
Maize_Shoot;0;Fe;
Maize_Shoot;0;Fe;
Maize_Shoot;0;P/Fe;
Maize_Shoot;0;P/Fe;
Maize_Shoot;0;P/Fe;
Maize_Shoot;0;P/Fe;
Maize_Shoot;0;P/Fe;
Maize_Shoot;0;P/Fe;
Maize_Shoot;0;P/Fe;
Maize_Shoot;2;C;
Maize_Shoot;2;C;
Maize_Shoot;2;C;
Maize_Shoot;2;C;
Maize_Shoot;2;C;
Maize_Shoot;2;C;
Maize_Shoot;2;C;
Maize_Shoot;2;P;
Maize_Shoot;2;P;
Maize_Shoot;2;P;
Maize_Shoot;2;P;
Maize_Shoot;2;P;
Maize_Shoot;2;P;
Maize_Shoot;2;P;
Maize_Shoot;2;Fe;
Maize_Shoot;2;Fe;
Maize_Shoot;2;Fe;
Maize_Shoot;2;Fe;
Maize_Shoot;2;Fe;
Maize_Shoot;2;Fe;
Maize_Shoot;2;Fe;
Maize_Shoot;2;P/Fe;
Maize_Shoot;2;P/Fe;
Maize_Shoot;2;P/Fe;
Maize_Shoot;2;P/Fe;
Maize_Shoot;2;P/Fe;
Maize_Shoot;2;P/Fe;
Maize_Shoot;2;P/Fe;
Maize_Shoot;4;C;
Maize_Shoot;4;C;
Maize_Shoot;4;C;
Maize_Shoot;4;C;
Maize_Shoot;4;C;
Maize_Shoot;4;C;
Maize_Shoot;4;C;
Maize_Shoot;4;P;
Maize_Shoot;4;P;
Maize_Shoot;4;P;
Maize_Shoot;4;P;
Maize_Shoot;4;P;
Maize_Shoot;4;P;
Maize_Shoot;4;P;
Maize_Shoot;4;Fe;
Maize_Shoot;4;Fe;
Maize_Shoot;4;Fe;
Maize_Shoot;4;Fe;
Maize_Shoot;4;Fe;
Maize_Shoot;4;Fe;
Maize_Shoot;4;Fe;
Maize_Shoot;4;P/Fe;
Maize_Shoot;4;P/Fe;
Maize_Shoot;4;P/Fe;
Maize_Shoot;4;P/Fe;
Maize_Shoot;4;P/Fe;
Maize_Shoot;4;P/Fe;
Maize_Shoot;4;P/Fe;
Maize_Shoot;7;C;
Maize_Shoot;7;C;
Maize_Shoot;7;C;
Maize_Shoot;7;C;
Maize_Shoot;7;C;
Maize_Shoot;7;C;
Maize_Shoot;7;C;
Maize_Shoot;7;P;
Maize_Shoot;7;P;
Maize_Shoot;7;P;
Maize_Shoot;7;P;
Maize_Shoot;7;P;
Maize_Shoot;7;P;
Maize_Shoot;7;P;
Maize_Shoot;7;Fe;
Maize_Shoot;7;Fe;
Maize_Shoot;7;Fe;
Maize_Shoot;7;Fe;
Maize_Shoot;7;Fe;
Maize_Shoot;7;Fe;
Maize_Shoot;7;Fe;
Maize_Shoot;7;P/Fe;
Maize_Shoot;7;P/Fe;
Maize_Shoot;7;P/Fe;
Maize_Shoot;7;P/Fe;
Maize_Shoot;7;P/Fe;
Maize_Shoot;7;P/Fe;
Maize_Shoot;7;P/Fe;
Maize_Shoot;9;C;
Maize_Shoot;9;C;
Maize_Shoot;9;C;
Maize_Shoot;9;C;
Maize_Shoot;9;C;
Maize_Shoot;9;C;
Maize_Shoot;9;C;
Maize_Shoot;9;P;
Maize_Shoot;9;P;
Maize_Shoot;9;P;
Maize_Shoot;9;P;
Maize_Shoot;9;P;
Maize_Shoot;9;P;
Maize_Shoot;9;P;
Maize_Shoot;9;Fe;
Maize_Shoot;9;Fe;
Maize_Shoot;9;Fe;
Maize_Shoot;9;Fe;
Maize_Shoot;9;Fe;
Maize_Shoot;9;Fe;
Maize_Shoot;9;Fe;
Maize_Shoot;9;P/Fe;
Maize_Shoot;9;P/Fe;
Maize_Shoot;9;P/Fe;
Maize_Shoot;9;P/Fe;
Maize_Shoot;9;P/Fe;
Maize_Shoot;9;P/Fe;
Maize_Shoot;9;P/Fe;
Maize_Shoot;11;C;
Maize_Shoot;11;C;
Maize_Shoot;11;C;
Maize_Shoot;11;C;
Maize_Shoot;11;C;
Maize_Shoot;11;C;
Maize_Shoot;11;C;
Maize_Shoot;11;P;
Maize_Shoot;11;P;
Maize_Shoot;11;P;
Maize_Shoot;11;P;
Maize_Shoot;11;P;
Maize_Shoot;11;P;
Maize_Shoot;11;P;
Maize_Shoot;11;Fe;
Maize_Shoot;11;Fe;
Maize_Shoot;11;Fe;
Maize_Shoot;11;Fe;
Maize_Shoot;11;Fe;
Maize_Shoot;11;Fe;
Maize_Shoot;11;Fe;
Maize_Shoot;11;P/Fe;
Maize_Shoot;11;P/Fe;
Maize_Shoot;11;P/Fe;
Maize_Shoot;11;P/Fe;
Maize_Shoot;11;P/Fe;
Maize_Shoot;11;P/Fe;
Maize_Shoot;11;P/Fe;
Maize_Shoot;14;C;
Maize_Shoot;14;C;
Maize_Shoot;14;C;
Maize_Shoot;14;C;
Maize_Shoot;14;C;
Maize_Shoot;14;C;
Maize_Shoot;14;C;
Maize_Shoot;14;P;
Maize_Shoot;14;P;
Maize_Shoot;14;P;
Maize_Shoot;14;P;
Maize_Shoot;14;P;
Maize_Shoot;14;P;
Maize_Shoot;14;P;
Maize_Shoot;14;Fe;
Maize_Shoot;14;Fe;
Maize_Shoot;14;Fe;
Maize_Shoot;14;Fe;
Maize_Shoot;14;Fe;
Maize_Shoot;14;Fe;
Maize_Shoot;14;Fe;
Maize_Shoot;14;P/Fe;
Maize_Shoot;14;P/Fe;
Maize_Shoot;14;P/Fe;
Maize_Shoot;14;P/Fe;
Maize_Shoot;14;P/Fe;
Maize_Shoot;14;P/Fe;
Maize_Shoot;14;P/Fe;
Tomato_Root;-14;C;0.0033
Tomato_Root;-14;C;0.0037
Tomato_Root;-14;C;0.0024
Tomato_Root;-7;C;0.0204
Tomato_Root;-7;C;0.0108
Tomato_Root;-7;C;0.0077
Tomato_Root;-7;C;0.0120
Tomato_Root;-7;C;0.0114
Tomato_Root;-7;C;0.0184
Tomato_Root;-7;C;0.0132
Tomato_Root;-3;C;0.0056
Tomato_Root;-3;C;0.0058
Tomato_Root;-3;C;0.0069
Tomato_Root;-3;C;0.0049
Tomato_Root;-3;C;0.0057
Tomato_Root;-3;C;0.0082
Tomato_Root;-3;C;0.0027
Tomato_Root;0;C;0.0081
Tomato_Root;0;C;0.0140
Tomato_Root;0;C;0.0157
Tomato_Root;0;C;0.0108
Tomato_Root;0;C;0.0140
Tomato_Root;0;C;0.0204
Tomato_Root;0;C;0.0031
Tomato_Root;0;P;0.0252
Tomato_Root;0;P;0.0054
Tomato_Root;0;P;0.0101
Tomato_Root;0;P;0.0239
Tomato_Root;0;P;0.0319
Tomato_Root;0;P;0.0066
Tomato_Root;0;P;0.0132
Tomato_Root;0;Fe;0.0175
Tomato_Root;0;Fe;0.0153
Tomato_Root;0;Fe;0.0138
Tomato_Root;0;Fe;0.0197
Tomato_Root;0;Fe;0.0209
Tomato_Root;0;Fe;0.0098
Tomato_Root;0;Fe;0.0188
Tomato_Root;0;P/Fe;0.0040
Tomato_Root;0;P/Fe;0.0162
Tomato_Root;0;P/Fe;0.0130
Tomato_Root;0;P/Fe;0.0211
Tomato_Root;0;P/Fe;0.0078
Tomato_Root;0;P/Fe;0.0121
Tomato_Root;0;P/Fe;0.0141
Tomato_Root;1;C;0.0208
Tomato_Root;1;C;0.0147
Tomato_Root;1;C;0.0071
Tomato_Root;1;C;0.0098
Tomato_Root;1;C;0.0192
Tomato_Root;1;C;0.0100
Tomato_Root;1;C;0.0181
Tomato_Root;1;P;0.0180
Tomato_Root;1;P;0.0145
Tomato_Root;1;P;0.0147
Tomato_Root;1;P;0.0110
Tomato_Root;1;P;0.0143
Tomato_Root;1;P;0.0140
Tomato_Root;1;P;0.0126
Tomato_Root;1;Fe;0.0170
Tomato_Root;1;Fe;0.0201
Tomato_Root;1;Fe;0.0153
Tomato_Root;1;Fe;0.0161
Tomato_Root;1;Fe;0.0302
Tomato_Root;1;Fe;0.0119
Tomato_Root;1;Fe;0.0137
Tomato_Root;1;P/Fe;0.0229
Tomato_Root;1;P/Fe;0.0077
Tomato_Root;1;P/Fe;0.0123
Tomato_Root;1;P/Fe;0.0065
Tomato_Root;1;P/Fe;0.0158
Tomato_Root;1;P/Fe;0.0092
Tomato_Root;1;P/Fe;0.0106
Tomato_Root;3;C;0.0306
Tomato_Root;3;C;0.0215
Tomato_Root;3;C;0.0183
Tomato_Root;3;C;0.0280
Tomato_Root;3;C;0.0447
Tomato_Root;3;C;0.0279
Tomato_Root;3;C;0.0229
Tomato_Root;3;P;0.0340
Tomato_Root;3;P;0.0661
Tomato_Root;3;P;0.0438
Tomato_Root;3;P;0.0561
Tomato_Root;3;P;0.0482
Tomato_Root;3;P;0.0478
Tomato_Root;3;P;0.0339
Tomato_Root;3;Fe;0.0351
Tomato_Root;3;Fe;0.0330
Tomato_Root;3;Fe;0.0284
Tomato_Root;3;Fe;0.0276
Tomato_Root;3;Fe;0.0343
Tomato_Root;3;Fe;0.0403
Tomato_Root;3;Fe;0.0426
Tomato_Root;3;P/Fe;0.0396
Tomato_Root;3;P/Fe;0.0378
Tomato_Root;3;P/Fe;0.0436
Tomato_Root;3;P/Fe;0.0214
Tomato_Root;3;P/Fe;0.0366
Tomato_Root;3;P/Fe;0.0289
Tomato_Root;3;P/Fe;0.0456
Tomato_Root;7;C;0.0622
Tomato_Root;7;C;0.0605
Tomato_Root;7;C;0.0668
Tomato_Root;7;C;0.0706
Tomato_Root;7;C;0.0962
Tomato_Root;7;C;0.0930
Tomato_Root;7;C;0.1313
Tomato_Root;7;P;0.1168
Tomato_Root;7;P;0.0822
Tomato_Root;7;P;0.1629
Tomato_Root;7;P;0.0816
Tomato_Root;7;P;0.0936
Tomato_Root;7;P;0.0574
Tomato_Root;7;P;0.0419
Tomato_Root;7;Fe;0.0848
Tomato_Root;7;Fe;0.0814
Tomato_Root;7;Fe;0.1140
Tomato_Root;7;Fe;0.1060
Tomato_Root;7;Fe;0.0816
Tomato_Root;7;Fe;0.0980
Tomato_Root;7;Fe;0.0928
Tomato_Root;7;P/Fe;0.0992
Tomato_Root;7;P/Fe;0.1168
Tomato_Root;7;P/Fe;0.1095
Tomato_Root;7;P/Fe;0.0632
Tomato_Root;7;P/Fe;0.0862
Tomato_Root;7;P/Fe;0.1009
Tomato_Root;7;P/Fe;0.0636
Tomato_Root;9;C;0.1259
Tomato_Root;9;C;0.1157
Tomato_Root;9;C;0.0944
Tomato_Root;9;C;0.1362
Tomato_Root;9;C;0.0966
Tomato_Root;9;C;0.2118
Tomato_Root;9;C;0.1594
Tomato_Root;9;P;0.1591
Tomato_Root;9;P;0.2085
Tomato_Root;9;P;0.0689
Tomato_Root;9;P;0.2044
Tomato_Root;9;P;0.1813
Tomato_Root;9;P;0.2309
Tomato_Root;9;P;0.2193
Tomato_Root;9;Fe;0.1243
Tomato_Root;9;Fe;0.1296
Tomato_Root;9;Fe;0.1556
Tomato_Root;9;Fe;0.1634
Tomato_Root;9;Fe;0.0572
Tomato_Root;9;Fe;0.1666
Tomato_Root;9;Fe;0.1161
Tomato_Root;9;P/Fe;0.1278
Tomato_Root;9;P/Fe;0.1836
Tomato_Root;9;P/Fe;0.1329
Tomato_Root;9;P/Fe;0.0837
Tomato_Root;9;P/Fe;0.0915
Tomato_Root;9;P/Fe;0.1110
Tomato_Root;9;P/Fe;0.0923
Tomato_Root;11;C;0.2491
Tomato_Root;11;C;0.2584
Tomato_Root;11;C;0.2436
Tomato_Root;11;C;0.2926
Tomato_Root;11;C;0.2337
Tomato_Root;11;C;0.3608
Tomato_Root;11;C;0.3262
Tomato_Root;11;P;0.2356
Tomato_Root;11;P;0.2067
Tomato_Root;11;P;0.1812
Tomato_Root;11;P;0.1113
Tomato_Root;11;P;0.1867
Tomato_Root;11;P;0.1001
Tomato_Root;11;P;0.3200
Tomato_Root;11;Fe;0.2066
Tomato_Root;11;Fe;0.1853
Tomato_Root;11;Fe;0.4393
Tomato_Root;11;Fe;0.2275
Tomato_Root;11;Fe;0.1039
Tomato_Root;11;Fe;0.2511
Tomato_Root;11;Fe;0.1538
Tomato_Root;11;P/Fe;0.2074
Tomato_Root;11;P/Fe;0.1909
Tomato_Root;11;P/Fe;0.2701
Tomato_Root;11;P/Fe;0.1499
Tomato_Root;11;P/Fe;0.2045
Tomato_Root;11;P/Fe;0.2534
Tomato_Root;11;P/Fe;0.1366
Tomato_Root;14;C;0.4207
Tomato_Root;14;C;0.4051
Tomato_Root;14;C;0.3297
Tomato_Root;14;C;0.3426
Tomato_Root;14;C;0.8791
Tomato_Root;14;C;0.2916
Tomato_Root;14;C;0.5554
Tomato_Root;14;P;0.3988
Tomato_Root;14;P;0.2968
Tomato_Root;14;P;0.2543
Tomato_Root;14;P;0.2360
Tomato_Root;14;P;0.3142
Tomato_Root;14;P;0.2984
Tomato_Root;14;P;0.3098
Tomato_Root;14;Fe;0.1834
Tomato_Root;14;Fe;0.1829
Tomato_Root;14;Fe;0.3465
Tomato_Root;14;Fe;0.2955
Tomato_Root;14;Fe;0.1857
Tomato_Root;14;Fe;0.5633
Tomato_Root;14;Fe;0.3403
Tomato_Root;14;P/Fe;0.2471
Tomato_Root;14;P/Fe;0.1217
Tomato_Root;14;P/Fe;0.3502
Tomato_Root;14;P/Fe;0.1378
Tomato_Root;14;P/Fe;0.3204
Tomato_Root;14;P/Fe;0.2308
Tomato_Root;14;P/Fe;0.2144
Tomato_Shoot;-14;C;0.0033
Tomato_Shoot;-14;C;0.0037
Tomato_Shoot;-14;C;0.0024
Tomato_Shoot;-7;C;0.0211
Tomato_Shoot;-7;C;0.0238
Tomato_Shoot;-7;C;0.0181
Tomato_Shoot;-7;C;0.0151
Tomato_Shoot;-7;C;0.0218
Tomato_Shoot;-7;C;0.0278
Tomato_Shoot;-7;C;0.0258
Tomato_Shoot;-3;C;0.0658
Tomato_Shoot;-3;C;0.0549
Tomato_Shoot;-3;C;0.0713
Tomato_Shoot;-3;C;0.0565
Tomato_Shoot;-3;C;0.0634
Tomato_Shoot;-3;C;0.0544
Tomato_Shoot;-3;C;0.0585
Tomato_Shoot;0;C;0.0814
Tomato_Shoot;0;C;0.1089
Tomato_Shoot;0;C;0.1001
Tomato_Shoot;0;C;0.0769
Tomato_Shoot;0;C;0.1077
Tomato_Shoot;0;C;0.1550
Tomato_Shoot;0;C;0.0545
Tomato_Shoot;0;P;0.1358
Tomato_Shoot;0;P;0.0424
Tomato_Shoot;0;P;0.0929
Tomato_Shoot;0;P;0.0734
Tomato_Shoot;0;P;0.1487
Tomato_Shoot;0;P;0.0492
Tomato_Shoot;0;P;0.0932
Tomato_Shoot;0;Fe;0.1014
Tomato_Shoot;0;Fe;0.1381
Tomato_Shoot;0;Fe;0.1396
Tomato_Shoot;0;Fe;0.1257
Tomato_Shoot;0;Fe;0.2072
Tomato_Shoot;0;Fe;0.0627
Tomato_Shoot;0;Fe;0.1186
Tomato_Shoot;0;P/Fe;0.0772
Tomato_Shoot;0;P/Fe;0.1372
Tomato_Shoot;0;P/Fe;0.1049
Tomato_Shoot;0;P/Fe;0.1217
Tomato_Shoot;0;P/Fe;0.0995
Tomato_Shoot;0;P/Fe;0.1015
Tomato_Shoot;0;P/Fe;0.0955
Tomato_Shoot;1;C;0.1070
Tomato_Shoot;1;C;0.1649
Tomato_Shoot;1;C;0.1101
Tomato_Shoot;1;C;0.1314
Tomato_Shoot;1;C;0.1910
Tomato_Shoot;1;C;0.1111
Tomato_Shoot;1;C;0.1498
Tomato_Shoot;1;P;0.1824
Tomato_Shoot;1;P;0.1695
Tomato_Shoot;1;P;0.1124
Tomato_Shoot;1;P;0.1111
Tomato_Shoot;1;P;0.1288
Tomato_Shoot;1;P;0.1373
Tomato_Shoot;1;P;0.1860
Tomato_Shoot;1;Fe;0.1776
Tomato_Shoot;1;Fe;0.1569
Tomato_Shoot;1;Fe;0.1659
Tomato_Shoot;1;Fe;0.1559
Tomato_Shoot;1;Fe;0.1571
Tomato_Shoot;1;Fe;0.0935
Tomato_Shoot;1;Fe;0.1478
Tomato_Shoot;1;P/Fe;0.1584
Tomato_Shoot;1;P/Fe;0.0756
Tomato_Shoot;1;P/Fe;0.1311
Tomato_Shoot;1;P/Fe;0.1010
Tomato_Shoot;1;P/Fe;0.1405
Tomato_Shoot;1;P/Fe;0.0562
Tomato_Shoot;1;P/Fe;0.0971
Tomato_Shoot;3;C;0.2219
Tomato_Shoot;3;C;0.2386
Tomato_Shoot;3;C;0.2024
Tomato_Shoot;3;C;0.2662
Tomato_Shoot;3;C;0.2530
Tomato_Shoot;3;C;0.1941
Tomato_Shoot;3;C;0.2178
Tomato_Shoot;3;P;0.2263
Tomato_Shoot;3;P;0.2671
Tomato_Shoot;3;P;0.2675
Tomato_Shoot;3;P;0.2897
Tomato_Shoot;3;P;0.2504
Tomato_Shoot;3;P;0.2619
Tomato_Shoot;3;P;0.1660
Tomato_Shoot;3;Fe;0.2490
Tomato_Shoot;3;Fe;0.2121
Tomato_Shoot;3;Fe;0.2393
Tomato_Shoot;3;Fe;0.2203
Tomato_Shoot;3;Fe;0.2188
Tomato_Shoot;3;Fe;0.1926
Tomato_Shoot;3;Fe;0.2678
Tomato_Shoot;3;P/Fe;0.2139
Tomato_Shoot;3;P/Fe;0.2357
Tomato_Shoot;3;P/Fe;0.2239
Tomato_Shoot;3;P/Fe;0.1144
Tomato_Shoot;3;P/Fe;0.2124
Tomato_Shoot;3;P/Fe;0.1815
Tomato_Shoot;3;P/Fe;0.2243
Tomato_Shoot;7;C;0.6210
Tomato_Shoot;7;C;0.4691
Tomato_Shoot;7;C;0.4370
Tomato_Shoot;7;C;0.4882
Tomato_Shoot;7;C;0.7677
Tomato_Shoot;7;C;0.6830
Tomato_Shoot;7;C;0.7714
Tomato_Shoot;7;P;0.3431
Tomato_Shoot;7;P;0.3057
Tomato_Shoot;7;P;0.3575
Tomato_Shoot;7;P;0.4327
Tomato_Shoot;7;P;0.4096
Tomato_Shoot;7;P;0.2757
Tomato_Shoot;7;P;0.3413
Tomato_Shoot;7;Fe;0.3555
Tomato_Shoot;7;Fe;0.5046
Tomato_Shoot;7;Fe;0.4691
Tomato_Shoot;7;Fe;0.3849
Tomato_Shoot;7;Fe;0.4502
Tomato_Shoot;7;Fe;0.5031
Tomato_Shoot;7;Fe;0.4497
Tomato_Shoot;7;P/Fe;0.2665
Tomato_Shoot;7;P/Fe;0.3226
Tomato_Shoot;7;P/Fe;0.3602
Tomato_Shoot;7;P/Fe;0.2401
Tomato_Shoot;7;P/Fe;0.3377
Tomato_Shoot;7;P/Fe;0.3307
Tomato_Shoot;7;P/Fe;0.2310
Tomato_Shoot;9;C;0.9342
Tomato_Shoot;9;C;1.0328
Tomato_Shoot;9;C;0.8311
Tomato_Shoot;9;C;0.9403
Tomato_Shoot;9;C;0.6855
Tomato_Shoot;9;C;1.4814
Tomato_Shoot;9;C;1.1727
Tomato_Shoot;9;P;0.3042
Tomato_Shoot;9;P;0.5307
Tomato_Shoot;9;P;0.4040
Tomato_Shoot;9;P;0.4958
Tomato_Shoot;9;P;0.6182
Tomato_Shoot;9;P;0.6445
Tomato_Shoot;9;P;0.4962
Tomato_Shoot;9;Fe;0.4472
Tomato_Shoot;9;Fe;0.5621
Tomato_Shoot;9;Fe;0.5451
Tomato_Shoot;9;Fe;0.6519
Tomato_Shoot;9;Fe;0.5053
Tomato_Shoot;9;Fe;0.7358
Tomato_Shoot;9;Fe;0.5202
Tomato_Shoot;9;P/Fe;0.3242
Tomato_Shoot;9;P/Fe;0.4389
Tomato_Shoot;9;P/Fe;0.3825
Tomato_Shoot;9;P/Fe;0.2452
Tomato_Shoot;9;P/Fe;0.2474
Tomato_Shoot;9;P/Fe;0.2796
Tomato_Shoot;9;P/Fe;0.2254
Tomato_Shoot;11;C;1.5725
Tomato_Shoot;11;C;1.7051
Tomato_Shoot;11;C;1.8749
Tomato_Shoot;11;C;1.8823
Tomato_Shoot;11;C;1.8555
Tomato_Shoot;11;C;2.2354
Tomato_Shoot;11;C;2.3026
Tomato_Shoot;11;P;0.5363
Tomato_Shoot;11;P;0.6032
Tomato_Shoot;11;P;0.5079
Tomato_Shoot;11;P;0.3770
Tomato_Shoot;11;P;0.3918
Tomato_Shoot;11;P;0.6137
Tomato_Shoot;11;P;0.6471
Tomato_Shoot;11;Fe;0.6825
Tomato_Shoot;11;Fe;0.6800
Tomato_Shoot;11;Fe;1.7257
Tomato_Shoot;11;Fe;0.8698
Tomato_Shoot;11;Fe;0.5389
Tomato_Shoot;11;Fe;0.7334
Tomato_Shoot;11;Fe;0.5282
Tomato_Shoot;11;P/Fe;0.3884
Tomato_Shoot;11;P/Fe;0.4081
Tomato_Shoot;11;P/Fe;0.5161
Tomato_Shoot;11;P/Fe;0.3783
Tomato_Shoot;11;P/Fe;0.3848
Tomato_Shoot;11;P/Fe;0.4854
Tomato_Shoot;11;P/Fe;0.2535
Tomato_Shoot;14;C;2.6943
Tomato_Shoot;14;C;2.4163
Tomato_Shoot;14;C;1.9943
Tomato_Shoot;14;C;2.1629
Tomato_Shoot;14;C;4.5849
Tomato_Shoot;14;C;2.1544
Tomato_Shoot;14;C;3.4510
Tomato_Shoot;14;P;0.6721
Tomato_Shoot;14;P;0.4478
Tomato_Shoot;14;P;0.4607
Tomato_Shoot;14;P;0.4396
Tomato_Shoot;14;P;0.5393
Tomato_Shoot;14;P;0.5930
Tomato_Shoot;14;P;0.5257
Tomato_Shoot;14;Fe;0.6766
Tomato_Shoot;14;Fe;0.7230
Tomato_Shoot;14;Fe;1.1468
Tomato_Shoot;14;Fe;0.9690
Tomato_Shoot;14;Fe;0.5099
Tomato_Shoot;14;Fe;1.5483
Tomato_Shoot;14;Fe;1.0575
Tomato_Shoot;14;P/Fe;0.3279
Tomato_Shoot;14;P/Fe;0.1695
Tomato_Shoot;14;P/Fe;0.4232
Tomato_Shoot;14;P/Fe;0.2111
Tomato_Shoot;14;P/Fe;0.5062
Tomato_Shoot;14;P/Fe;0.3959
Tomato_Shoot;14;P/Fe;0.3021
